,회사명,거래소코드,회계년도,산업코드,회계년월,평가일,업종코드,소속코드,상장일,상장폐지일,신용등급,감사의견코드,감사의견,산업대분류,회계년도_new
0,(주)샘코,263540,2020/12,033103,2020/12,2020/09/14,01,06,2017/09/15,,B-,DU,,03,2020
24,(주)좋은사람들,33340,2020/12,031401,2020/12,2015/06/05,01,06,1997/11/03,,BBB-,DS,,03,2020
1,(주)아이티엑스에이아이,99520,2020/12,032605,2020/12,2020/05/13,01,06,2009/12/22,,BB,DS,,03,2020
217,(주)씨엔플러스,115530,2020/12,032602,,,01,06,2011/11/02,,,DS,,03,2020
218,(주)코스온,69110,2020/12,032004,,,01,06,2003/10/14,,,DS,,03,2020
219,명성티엔에스(주),257370,2020/12,032902,,,01,06,2018/09/13,,,DS,,03,2020
221,테라셈(주),182690,2020/12,032601,,,01,06,2014/10/30,,,DS,,03,2020
222,(주)금빛,45890,2020/12,032804,,,01,06,2005/11/28,,,DU,,03,2020
223,(주)뉴로스,126870,2020/12,032901,,,01,06,2012/02/15,,,DU,,03,2020
225,(주)에코마이스터,64510,2020/12,032902,,,01,06,2018/03/15,,,DU,,03,2020
229,(주)센트럴인사이트,12600,2020/12,032901,,,01,03,1990/07/10,,,DS,,03,2020
230,쌍용자동차(주),3620,2020/12,033001,,,01,03,1975/05/21,,,DU,,03,2020
266,(주)소리바다,53110,2020/12,106301,,,01,06,2001/10/09,,,DS,,10,2020
267,(주)씨오더블유오엔,56000,2020/12,105802,,,01,06,2003/07/11,,,DS,,10,2020
268,(주)엔지스테크널러지,208860,2020/12,105802,,,01,06,2016/07/28,,,DS,,10,2020
271,(주)제이웨이,58420,2020/12,105901,,,01,06,2002/01/10,,,DU,,10,2020
293,(주)유테크,178780,2020/12,074608,,,01,06,2015/06/30,,,DS,,07,2020
294,(주)포티스,141020,2020/12,074709,,,01,06,2013/01/29,,,DS,,07,2020
298,파나케이아(주),58530,2020/12,074604,,,01,06,2002/02/05,,,DU,,07,2020
43,(주)성안,11300,2020/12,031302,2020/12,2009/09/15,01,03,1995/11/10,,BB-,DS,,03,2020
299,(주)폴루스바이오팜,7630,2020/12,074601,,,01,03,1988/10/24,,,DU,,07,2020
16,(주)한프,66110,2020/12,032603,2020/12,2017/07/25,01,06,2002/07/16,,B-,DS,,03,2020
3,현진소재(주),53660,2020/12,032509,2020/12,2020/02/20,01,06,2002/02/15,,CCC,DU,,03,2020
2,(주)온코퀘스트파마슈티컬,78590,2020/12,033003,2020/12,2020/04/23,01,06,2005/10/27,,BB0,DU,,03,2020
19,(주)아리온테크놀로지,58220,2020/12,032604,2020/12,2017/04/20,01,06,2005/08/05,,BB-,DU,,03,2020
9,(주)매직마이크로,127160,2020/12,032602,2020/12,2018/06/14,01,06,2015/11/19,,BB+,DU,,03,2020
296,애머릿지코퍼레이션,900100,2019/12,074502,,,01,06,2010/04/21,,,DU,,07,2019
297,지스마트글로벌(주),114570,2019/12,074608,,,01,06,2010/02/04,,,DU,,07,2019
4,(주)이큐셀,160600,2019/12,032902,2019/12,2019/09/26,01,06,2015/06/26,,BBB,DU,,03,2019
220,에이치엔티일렉트로닉스(주),176440,2019/12,032602,,,01,06,2016/11/28,,,DS,,03,2019
228,크로바하이텍(주),43590,2019/12,032601,,,01,06,2001/12/20,,,DU,,03,2019
227,코오롱티슈진(주),950160,2019/12,032101,,,01,06,2017/11/06,,,DU,,03,2019
190,(주)피앤텔,54340,2019/12,032604,,,01,04,2002/01/10,2020/05/21,,DU,,03,2019
161,(주)에스마크,30270,2019/12,031301,,,01,04,1997/01/17,2020/05/21,,DU,,03,2019
292,(주)엠피대산,65150,2019/12,074603,,,01,06,2007/07/18,,,DS,,07,2019
6,웅진에너지(주),103130,2019/12,032601,2019/12,2019/03/28,01,04,2010/06/30,2020/06/01,CCC,DU,,03,2019
7,(주)에스에프씨,112240,2019/12,032202,2019/12,2018/06/25,01,04,2011/11/30,2020/06/30,BB+,DS,,03,2019
224,(주)리드,197210,2019/12,032902,,,01,06,2015/11/20,,,DU,,03,2019
5,이엘케이(주),94190,2019/12,032602,2019/12,2019/04/02,01,04,2007/10/29,2020/05/22,D,DU,,03,2019
153,(주)씨티네트웍스,189540,2019/12,032604,,,01,04,2013/12/24,2020/05/12,,DU,,03,2019
269,(주)스포츠서울,39670,2019/03,105801,,,01,06,2004/01/16,,,DU,,10,2019
8,참존글로벌(주),158310,2019/12,032902,2019/12,2018/06/15,01,06,2013/04/03,,B-,DU,,03,2019
12,(주)화진,134780,2019/12,033003,2019/12,2018/04/17,01,04,2011/08/10,2020/07/02,BBB-,DS,,03,2019
265,(주)골드앤에스,35290,2019/12,105801,,,01,06,1999/12/07,,,DS,,10,2019
92,(주)엘피케이로보틱스,183350,2018/12,032902,,,01,04,2013/10/11,2020/06/17,,DS,,03,2018
11,(주)코다코,46070,2018/12,033003,2018/12,2018/04/25,01,06,2000/12/26,,BBB-,DS,,03,2018
83,(주)데코앤이,17680,2018/12,031401,,,01,04,1993/09/03,2019/11/20,,DS,,03,2018
13,씨앤티85(주),56730,2018/12,074607,2018/12,2018/04/11,01,06,2002/01/04,,B+,DS,,07,2018
270,(주)아이톡시,52770,2018/12,105802,,,01,06,2002/08/22,,,DU,,10,2018
226,(주)이엠앤아이,83470,2018/12,032202,,,01,06,2008/09/18,,,DU,,03,2018
18,(주)에프티이앤이,65160,2018/12,032005,2018/12,2017/05/12,01,04,2002/07/30,2019/05/03,B,DS,,03,2018
97,(주)주노콜렉션,221670,2018/12,031501,,,01,04,2017/06/27,2019/07/16,,DS,,03,2018
21,(주)파인넥스,123260,2018/12,032601,2018/12,2016/06/29,01,04,2011/12/05,2020/04/10,CCC,DU,,03,2018
295,아래스(주),50320,2018/12,074605,,,01,06,2002/01/15,,,DU,,07,2018
132,(주)바이오빌,65940,2018/12,032001,,,01,04,2003/01/07,2020/07/31,,DU,,03,2018
10,(주)하이소닉,106080,2018/12,032602,2018/12,2018/05/14,01,06,2010/02/09,,B,DU,,03,2018
205,에스엠로보틱스(주),252940,2017/12,033304,,,01,04,2016/09/30,2018/04/25,,DU,,03,2017
20,(주)우성아이비,194610,2017/12,033309,2017/12,2016/12/31,01,04,2014/06/10,2018/10/12,B+,DU,"영업손실이 14,794백만원 발생, 종속회사 지급보증액 미화 1,000천불(원화환산액 1,071백만원)에 대한 우발채무를 부담하고 있는 상황은 계속기업으로서의 존속능력에 중대한 의문을 제기함.",03,2017
86,(주)모다,149940,2017/12,032604,,,01,04,2012/09/25,2020/07/10,,DS,,03,2017
240,(주)파티게임즈,194510,2017/12,105802,,,01,04,2014/11/21,2020/09/09,,DS,회사가 사채발행 및 유상증자와 직접적인 관련이 없는 경영자문수수료를 특수관계자인 ㈜대신피이아이 1호와 ㈜더에스피씨에게 지급 등의 거래와 관련한 충분하고적합한 감사증거를 확보하지 못하였음.,10,2017
236,(주)씨그널엔터테인먼트그룹,99830,2017/12,105901,,,01,04,2011/01/24,2018/05/04,,DS,,10,2017
251,(주)시냅스엠,246830,2017/12,106301,,,01,04,2016/07/13,2018/05/14,,DU,,10,2017
275,(주)위너지스,26260,2017/12,074608,,,01,04,1996/09/24,2018/10/11,,DS,,07,2017
17,(주)트레이스,52290,2017/12,032602,2017/12,2017/06/02,01,04,2001/05/31,2018/10/11,B-,DS,,03,2017
231,(주)넥스지,81970,2017/12,105802,,,01,04,2007/08/20,2018/10/11,,DS,,10,2017
99,(주)태경피엔에스,235090,2017/12,032902,,,01,04,2016/03/16,2018/05/09,,DS,,03,2017
22,(주)유디피,91270,2017/12,105802,2017/12,2016/01/04,01,04,2014/12/12,2018/04/18,BB,DU,,10,2017
90,(주)에스와이제이,251540,2017/12,031401,,,01,04,2017/05/02,2018/09/07,,DS,,03,2017
14,레이젠(주),47440,2017/12,032602,2017/12,2017/09/21,01,04,2001/11/20,2018/10/11,B,DU,,03,2017
147,(주)스틸플라워,87220,2017/12,032401,,,01,04,2009/10/27,2018/05/08,,DU,,03,2017
15,(주)지디,155960,2017/12,032602,2017/12,2017/08/18,01,04,2013/02/13,2018/10/12,B+,DS,,03,2017
91,(주)에임하이글로벌,43580,2017/12,032602,,,01,04,2001/08/02,2018/08/10,,DS,,03,2017
169,(주)엔에스브이,95300,2016/12,032901,,,01,04,2009/04/17,2017/09/12,,DU,자금거래 및 부정방지와 관련하여 충분하고 적합한 통제절차를 운영하지 않은 상황은 회사의 자금거래 및 부정방지와 관련된 내부회계관리제도의 전반적 신뢰성에 심각한훼손이 있는 상황임.,03,2016
23,(주)썬코어,51170,2016/12,032901,2016/12,2015/12/00,01,04,2001/10/23,2018/03/15,B+,DU,"35,148백만원의 당기순손실로 인하여 일부 자본잠식이 발생하였으며 유동부채가 유동자산을 10,449백만원 초과한 상황등은 회사의 계속기업으로서의 존속능력에 유의적인 의문을 제기함.",03,2016
121,(주)넥솔론,110570,2016/12,032601,,,01,04,2011/10/14,2017/04/17,,DU,"영업손실이 43,702백만원, 당기순손실이 66,305백만원 발생, 총부채가 총자산을 50,826백만원 초과한 상황등은 회사의 계속기업으로서의 존속능력에 유의적인 의문을 제기함.",03,2016
148,(주)신양오라컴디스플레이,86830,2016/12,032604,,,01,04,2006/12/27,2017/05/08,,DU,"봉안당 대리매매 계약 및 매도계약의 체결, 커미스의 봉안당 매수계약 체결, 자금부족 등의 이유로 거래처에 대한 매입채무를 지급하지 못하는 등의 상황은 회사의 계속기업 존속능력에 유의적 의문을 제기함.",03,2016
163,(주)에스에스컴텍,36500,2016/12,032001,,,01,04,1999/12/14,2017/05/11,,DU,"차입금 원금 및 이자의 지급기일을 미준수하여 주요 자산에 경매가 진행중이며, 5개년도 연속 영업손실이 발생하여 상장폐지 사유가 존재하는 상황등은 회사의 계속기업으로서의 존속능력에 유의적 의문을 제기함.",03,2016
111,제이앤유글로벌,86200,2015/12,032604,,,01,04,2006/06/07,2016/05/09,,DS,"식품사업부 영업 및 특수관계자 거래를 포함한 채권/채무의 실재성, 완전성 등에 대한 평가를 위한 충분하고 적합한 감사증거를 입수할 수 없었음. 대체적인 방법에 의해서도 만족할 만한 결과를 얻지 못하였음.",03,2015
32,(주)아이팩토리,53810,2015/12,032902,2015/12,2013/04/30,01,04,2002/07/19,2016/09/19,CCC,DS,"일부자산관련 등 감사증거 미확보 및 수익인식 미충족 매출 2,199백만원을 계상, 과거 대표이사로부터 당기중 환수한 800백만원을 판매비와관리비의 차감항목으로 계상, 퇴직급여는 142백만원 과소계상 함.",03,2015
156,(주)아이디에스,78780,2015/12,032602,,,01,04,2005/11/29,2016/04/28,,DU,"영업손실이 8,889백만원, 당기순손실이 1,975백만원, 유동부채가 유동자산을 31,885백만원 초과함. 이런 상황 등은 회사의 계속기업으로서의 존속능력에 유의적인 의문을 제기함.",03,2015
96,(주)인포피아,36220,2015/12,032103,,,01,04,2007/06/05,2016/05/09,,DS,"임ㆍ직원에 의한 18,012백만원의 횡령 및 배임혐의가 발생으로 내부통제에 심각한 취약점이 존재하며, 이와 관련한 부외부채의 존재가능성 및 우발상황과 관련하여 충분하고 적합한 감사증거를 확보할 수 없었음.",03,2015
25,현대페인트(주),11720,2015/12,032004,2015/12,2015/04/09,01,04,1989/05/30,2016/11/21,B0,DU,"당기의 영업손실이 4,552백만원 발생하였으며, 당기말 현재 유동부채가 유동자산을1,573백만원을 초과함. 이런 상황 등은 회사의 계속기업으로서의 존속능력에 중대한 의문을 제기함.",03,2015
189,(주)플렉스컴,65270,2015/12,032602,,,01,04,2002/10/23,2016/04/12,,DU,"영업손실이 55,342백만원, 당기순손실이 136,715백만원, 당기말 현재 총부채가 총자산을 36,298백만원 초과함. 이런 상황 등은 회사의 계속기업으로서의 존속능력에 중대한 의문을 제기함.",03,2015
39,에이스하이텍(주),71930,2014/12,032602,2014/12,2010/05/17,01,04,2004/01/16,2015/07/10,CC,DS,자산과 부채의 일부 계정과목에 대한 실질과 적정성을 확인하기 위한 절차를 수행할 수 없었으며 이에 따라 부정과 오류로 인해 재무제표가 왜곡표시 되었는지에 대한 충분하고 적합한 감사증거를 확보할 수 없었음.,03,2014
172,(주)와이즈파워,40670,2014/12,032802,,,01,04,2000/08/18,2015/07/16,,DU,"당기말 현재 회사제시 당기순손실은 2,014백만원임. 또한, 유동부채가 유동자산을 3,518백만원 초과하고 있음. 이런 상황 등은 회사의 계속기업으로서의 존속능력에 중대한 의문을 제기함.",03,2014
212,잘만테크(주),90120,2014/12,032603,,,01,04,2007/05/22,2015/05/13,,DU,"유동성 악화 및 경영실적 악화로 정상적 영업활동 유지가 불가능한상황에 회생절차를 진행되었으나, 청산가치가 계속기업가치를 초과하여 회생절차의 계속적인 유지가 불가능해질수도 있은 상황임.",03,2014
26,(주)웹솔루스,160350,2014/12,105802,2014/12,2014/11/13,01,04,2013/07/01,2015/04/30,B0,DU,"당기순손실이 5,914백만원, 총부채가 총자산을 초과하고, 총 16,282백만원의 장단기차입금, 사채, 전환사채를 계상한 상황 등은 회사의 계속기업으로서의 존속능력에 중대한 의문을 제기함.",10,2014
203,스탠다드펌(주),179280,2014/12,032402,,,01,04,2013/07/01,2015/04/30,,DU,"당기말 현재 영업손실이 8,077백만원이며 당기순손실이 11,373백만원 발생하였음. 당기말 현재로 유동부채가 유동자산을 3,172백만원 초과하고 있으며 총부채가 총자산을 2,797백만원 초과하고 있음.",03,2014
254,(주)제너시스템즈,73930,2013/03,105802,,,01,04,2008/03/26,2013/07/12,,DU,"25,028백만원이 발생, 유동자산을 초과한 유동부채액이 26,145백만원, 그리고 총자산을 초과한 총부채액이 14,384백만원인 상황은 회사의 계속기업으로서의 존속능력에 중대한 의문을 제기함.",10,2013
129,(주)모린스,110310,2013/12,032602,,,01,04,2009/09/25,2014/04/11,,DU,"영업손실액은 58,773백만원, 부채에 정상적인 지급을 하지 못하여 유형자산 등에 가압류 등이 되어 있으며 이와 관련한 소송들이 진행중인 상황 등은 회사의 계속기업으로서의 존속능력에 중대한 의문을 제기함.",03,2013
107,디브이에스코리아(주),46400,2013/12,032605,,,01,04,2002/10/01,2014/09/02,,DS,회사에 의한 감사범위의 제한으로 인하여 매출채권 회수와 관련한 회계감사기준에서 요구하는 감사 절차를 취하지 못하였음.,03,2013
125,(주)로케트전기,420,2013/12,032802,,,01,04,1988/08/05,2015/02/24,,DU,"당기순손실 23,982백만원이 발생하였고, 유동자산을 초과한 유동부채액이 35,494백만원인 상황 등은 회사의 계속기업으로서의 존속능력에 중대한 의문을 제기함.",03,2013
155,(주)아라온테크,41060,2013/12,032902,,,01,04,2000/06/07,2014/05/08,,DU,"2013년 10월 23일 횡령 배임 혐의발생 및 코스닥시장상장규정 제38조제2항제5호의 종합적 요건에 의한 상장폐지 가능성 등에 의해 상장적격성 실질심사 대상으로 결정, 특허권 및 금융보증채무 감사범위제한이 있음.",03,2013
27,STX조선해양(주),67250,2013/12,033101,2013/12,2013/12/12,01,04,2003/10/27,2014/04/15,CCC,DS,당기 재무제표를 감사하는 과정에서 당기 및 전기 이전 재무제표에 중요한 영향을 미치는 왜곡표시 가능성을 인지하였으나 충분하고 적합한 감사증거를 확보하지 못하였음.,03,2013
28,태산엘시디(주),36210,2013/12,032602,2013/12,2013/08/30,01,04,1999/11/16,2014/04/11,CCC-,DU,"채권금융기관협의회의 공동관리절차가 2013년 12월 31일로 중단되어 유동성장기차입금 149,650백만원이 연체, 부채가 자산을 45,669백만원 초과하고 있는 완전자본잠식인 상태임.",03,2013
29,제이에스전선(주),5560,2013/12,032803,2013/12,2013/06/27,01,04,2007/11/12,2014/04/10,A0,DU,"2014년 1월 6일 이사회 결의를 통한 영업정지 공시, 이에 따른 신규 사업수주 중단, 기수주분에 대한 계약 이행 및 진행중인 소송에 대응할 상황 등은 회사의 계속기업으로서의 존속능력에 중대한 의문을 제기함.",03,2013
30,에버테크노(주),70480,2013/12,032902,2013/12,2013/05/30,01,04,2007/05/22,2014/07/17,BB-,DU,"당기순손실 28,191백만원 발생, 유동부채가 유동자산을 39,629백만원 초과하며 미처리결손금은 16,561백만원인 상황 등은 회사의 계속기업으로서의 존속능력에 중대한 의문을 제기함.",03,2013
31,(주)디지텍시스템스,91690,2013/12,032603,2013/12,2013/05/00,01,04,2007/07/04,2015/01/21,BBB0,DU,"당기순손실 89,368백만원 발생, 유동자산을 초과하는 유동부채액이 45,795백만원, 회생절차 개시신청한 상황 등은 회사의 계속기업으로서의 존속능력에 중대한 의문을 제기함.",03,2013
33,(주)렉스엘이앤지,4790,2013/12,032605,2013/12,2012/06/29,01,04,1995/12/23,2014/03/04,B-(STABLE),DU,2013년 8월 30일부터 회사의 주식은 한국거래소 코스닥시장에서 주된 영업의 정지 사유로 상장적격성 실질심사 대상으로 결정 거래정지된 상황 등은 회사의 계속기업으로서의 존속능력에 중대한 의문을 제기함.,03,2013
165,(주)에이제이에스,13340,2013/12,032509,,,01,04,1989/09/06,2014/09/02,,DU,"회사의 경영자로부터 경영자가 서명한 경영자확인서, 재무상태표, 포괄손익계산서, 자본변동표, 현금흐름표, 재무제표에 대한 주석 및 내부회계관리제도에 관한 운영실태 보고서를 제출받지 못하였음.",03,2013
257,(주)지아이바이오,35450,2012/12,106201,,,01,04,1999/11/11,2013/08/07,,DU,"관계기업투자주식의 범위제한, 지급보증채무 발생의 불확실성 및 결손금과 당기순손실은 각각 35,964백만원과 4,786백만원인 상황 등은 회사의 계속기업으로서의 존속능력에 중대한 의문을 제기함.",10,2012
34,(주)마이스코,88700,2012/12,032509,2012/12,2012/04/24,01,04,2008/01/25,2013/05/04,B-,DU,2013년 3월 15일자로 회생개시신청서를 법원에 제출한 상황은 회사의 계속기업으로서의 존속능력에 중대한 의문을 제기함.,03,2012
35,(주)삼우이엠씨,26250,2012/12,032501,2012/12,2012/03/00,01,04,1995/11/04,2013/04/12,B+,DU,"회사에 의한 감사범위의 제한 때문에  채권 및 채무에 대한 조회를 실시할 수 없었으며,  2012년 12월 17일자로 회생절차개시 신청을 한 상황은 회사의 계속기업으로서의 존속능력에 중대한 의문을 제기함.",03,2012
110,우경(주),25920,2012/12,032401,,,01,04,1995/08/07,2013/07/10,,DS,"중요한 내부통제의 취약점으로 인하여 부외부채, 종속회사 및 거래처의 대여금 및 선급금 회수가능성, 선급금 및 대여금과 대손상각비의 분류 적정성 및 거래 적정성에 대하여 충분한 감사 증거를 확보할 수 없었음.",03,2012
81,(주)네오퍼플,28090,2012/12,031007,,,01,04,1996/11/29,2013/05/03,,DS,"당기순손실 13,254백만원(영업손실 4,588백만원)이 발생한 상황은 회사의 계속기업으로서 존속능력에 중대한 의문을 제기하는 사항이나, 이러한 계속기업 불확실성을 해소할 만한 감사증거를 확보하지 못하였음.",03,2012
276,(주)지앤에스티,36920,2012/12,074601,,,01,04,1999/12/21,2013/05/07,,DS,"매출 및 매출채권 2,150,000천원을 과대계상, 매출원가 716,667천원을 과대계상하고, 재고자산 716,667천원을 과소계상 등으로 인하여 영업손익 및 당기순손익이 1,947,146천원 감소되어야 함.",07,2012
124,(주)디에스,51710,2012/12,032602,,,01,04,2004/06/18,2013/05/01,,DU,"3년 연속 손실을 기록하고 있고, 당기말 현재의 유동부채는 유동자산을 87,225백만원 초과한 상황 등은 회사의 계속기업으로서의 존속능력에 중대한 의문을 제기함.",03,2012
94,(주)위다스,56810,2012/12,032604,,,01,04,2002/01/15,2013/09/10,,DS,자금운영과 관련하여 특수관계자 및 관계회사 등과 적절한 내부통제 절차를 거치지 않은 자금 거래에 대해 합리적인 지출원인 및 정상적인 영업관련성 여부를 확인할 수 있는 충분한 감사증거를 제시받지 못하였음.,03,2012
158,(주)아큐텍,13780,2012/12,032602,,,01,04,1997/08/18,2013/04/23,,DU,"재무제표 및 주석에 대한 감사절차 실시에 필요한 자료를 제공받지 못하였으며, 금융기관 및 매출채권에 대한 조회절차 등을 포함한 회계감사기준에서 요구하는 감사절차를 취하지 못하였음",03,2012
159,(주)알앤엘바이오,3190,2012/12,032101,,,01,04,1976/06/14,2013/05/03,,DU,"주된 영업활동인 줄기세포의 추출, 배양, 보관 및 불출 행위가 국내 및 해외 관계 법률 및 제규정에 적법한 지에 대하여 중대한 불확실성 등은 회사의 계속기업으로서의 존속능력에 중대한 의문을 제기함.",03,2012
162,(주)에스비엠,37630,2012/12,032901,,,01,04,1999/12/24,2013/07/24,,DU,"최대주주의 변경 후 내부회계관리제도의 취약점 발생, 예금잔액 실사에 대한 감사범위의 제한 및 횡령의 발생과 관련한 상황 등은 회사의 계속기업으로서의 존속능력에 중대한 의문을 제기함.",03,2012
280,(주)룩손에너지홀딩스,33550,2012/12,074605,,,01,04,1998/01/13,2013/05/07,,DU,"당기순손실 10,076백만원 발생, 유동자산을 초과한 유동부채액이 16,663백만원,  만기가 경과한 금융기관 차입금은 13,567백만원이 존재하는 상황 등은 회사의 계속기업으로서의 존속능력에 중대한 의문을 제기함.",07,2012
278,케이비물산(주),8540,2012/01,074607,,,01,04,1990/01/16,2012/06/08,,DS,내부통제제도의 취약점으로 회사의 전 대표이사 및 기타 이해관계자간에 발생한 자금거래 및 우발부채의 완전성과 발생가능성 그리고 자산의 손상가능성에 대하여 중요한 감사절차를 수행하지 못하였음.,07,2012
277,글로스텍(주),12410,2012/12,074605,,,01,04,1989/09/29,2013/06/04,,DS,회사 경영자로부터 현금흐름표 및 재무제표에 대한 주석자료를  제공받지 못하였음.,07,2012
186,(주)평산,89480,2011/12,032509,,,01,04,2006/08/22,2012/04/13,,DU,"당기말 당기순손실 103,961백만원 발생, 유동자산을 초과한 유동부채 231,521백만원, 매출액 전기 대비 19%, 4분기매출액 전년 대비 27% 감소 등 이러한 사항은 계속기업으로서의 존속능력에 중대한 의문을 제기함.",03,2011
130,(주)미성포리테크,94700,2011/12,032602,,,01,04,2007/12/20,2012/04/13,,DU,"2011년 12월 28일 회생절차개시결정이 발효. 당기말 당기순손실 28,776백만원, 최근 3개사업연도 법인세비용차감전순손실 발생. 이러한 상황은 회사의 계속기업으로서의 존속능력에 중대한 의문을 제기함.",03,2011
137,(주)블루젬디앤씨,53040,2011/12,032004,,,01,04,2001/08/09,2012/05/17,,DU,상장폐지실질심사위원회의 심의결과 계속성 및 경영의 투명성 등을 종합적으로 고려하여 상장폐지기준에 해당한다고 결정함. 이러한 상황은 회사의 계속기업으로서의 존속능력에 중대한 의문을 제기함.,03,2011
134,(주)보광티에스,66690,2011/12,032509,,,01,04,2008/10/06,2012/05/01,,DU,"당기말 영업손실 22,011백만원 발생, 유동부채는 유동자산을 6,880백만원 초과, 상환하지 못한 차입금 3,120백만원 존재함. 이러한 상황은 회사의 계속기업으로서의 존속능력에 중대한 의문을 제기함.",03,2011
170,(주)엘앤씨피,15390,2011/12,032004,,,01,04,2001/08/09,2012/04/13,,DU,"당기 영업손실 3,844백만원, 당기순손실 4,662백만원 발생. 영업활동의 부진으로 인하여 당해 매출액 전기 대비 79% 감소. 이러한 사항은 계속기업으로서의 존속능력에 중대한 의문을 제기함.",03,2011
168,(주)에피밸리,68630,2011/12,032604,,,01,04,2005/10/27,2012/04/24,,DU,2011년 8월 24일 회생계획에 대한 공개M&A 매각절차를 달성하지 못함. 2011년 10월 13일 상장폐지실질심사위원회 심의결과 상장폐지기준에 해당. 이러한 사항은 계속기업으로서의 존속능력에 중대한 의문을 제기함.,03,2011
204,아이스테이션(주),56010,2011/12,032602,,,01,04,2002/08/13,2012/04/13,,DU,"당기말 당기순손실 39,832백만원 발생, 유동자산을 초과하는 유동부채 26,573백만원, 총자산을 초과하는 총부채 25,118백만원 등 이러한 상황은 계속기업으로서의 존속능력에 중대한 의문을 제기함.",03,2011
192,(주)허메스홀딩스,12400,2011/12,032604,,,01,04,1988/06/15,2012/06/12,,DU,"영업손실 4,006백만원,당기순손실 5,706백만원 발생.유동부채가 유동자산을 7,355백만원 초과,현금및현금성자산 1,146백만원 사용제한 및 압류됨.이러한 상황은 계속기업으로서의 존속능력에 중대한 의문을 제기함.",03,2011
188,(주)폴리플러스,65610,2011/12,032001,,,01,04,2002/12/06,2012/05/01,,DU,최대주주 등의 주식처분제한의무 위반으로 사채권자는 신주인수권부사채 30억원의 조기상환청구가 가능하나 회사는 실현가능한 자구계획이 존재치 않음. 이는 계속기업으로서의 존속능력에 중대한 의문을 제기함.,03,2011
196,동양텔레콤(주),7150,2011/12,032605,,,01,04,2000/07/25,2012/09/11,,DU,"당기말 영업손실 4,472백만원, 당기순손실 42,445백만원 발생. 유동자산을 초과한 유동부채 19,418백만원, 유동성차입금 등이 38,472백만원임. 이러한 상황은 계속기업으로서의 존속능력에 중대한 의문을 제기함.",03,2011
258,(주)코아에스앤아이,52350,2011/12,106201,,,01,04,2001/07/20,2012/04/17,,DU,최근 4사업연도 영업손실및당기순손실 발생. 2012년1월30일 코스닥시장상장규정 제38조 제2항제5호 상장폐지기준에 의해 상장 폐지통보를 받음. 이러한 사항은 계속기업으로서의 존속능력에 중대한 의문을 제기함.,10,2011
95,(주)유니드코리아,110500,2011/12,032902,,,01,04,2011/06/17,2014/09/02,,DS,"2015년 중 2011회계연도 이전에 발생된 고의적 회계부정, 횡령, 유용 등의 부정이 발견되어 재무제표상 중요한 영향을 미치는 왜곡표시 가능성을 인지하였으나 충분하고 적합한 감사증거를 확보할 수 없었음.",03,2011
36,(주)비앤비성원,15200,2011/12,032401,2011/12,2011/03/29,01,04,1997/01/17,2012/05/01,B+/STABLE,DS,"감사범위 제한 때문에 자금 거래의 적정성,대손충당금의 적정성 및 우발채무의 발생가능성, 종속기업 및 관계기업에서 발생한 대여금 거래에 대한 회수가능성에 대하여 만족할 만한 감사절차를 취하지 못하였음.",03,2011
285,(주)아인스엠앤엠,40740,2011/12,074705,,,01,04,2004/01/28,2012/05/01,,DU,"34,940백만원의 영업손실과 58,790백만원의 당기순손실이 발생하였고, 총부채가 총자산을 26,720백만원 초과함. 이러한 상황은 회사의 계속기업으로서의 존속능력에 중대한 의문을 제기함.",07,2011
37,미리넷(주),56710,2011/12,032604,2011/12,2010/07/13,01,04,2002/01/10,2012/04/13,B-,DU,"당기말 영업손실 20,318백만원, 당기순손실 91,215백만원 발생, 유동부채가 유동자산을 56,531백만원, 총부채가 총자산을 55,659백만원 초과 등 이러한 상황은 계속기업으로서의 존속능력에 중대한 의문을 제기함.",03,2011
201,미주제강(주),2670,2011/12,032401,,,01,04,1995/01/04,2012/04/17,,DU,"당기말 영업손실 6,593백만원 발생, 당기말 유동부채는 유동자산을 25,927백만원 초과, 누적결손금 42,985백만원임. 이러한 사항은 회사의 계속기업으로서의 존속능력에 대해 중대한 의문을 제기함.",03,2011
38,(주)대국,42340,2011/12,074608,2011/12,2010/05/20,01,04,2000/06/22,2012/04/13,CCC,DU,"당기말 시급히 상환해야 할 차입금 원리금이 9,243백만원에 이르나, 회사의 영업활동을 통한 현금흐름은 지속적으로 적자를 시현하고 있음. 이러한 상황은 계속기업으로서의 존속능력에 중대한 의문을 제기함.",07,2011
89,(주)씨티앤티,50470,2011/12,033001,,,01,04,2002/04/23,2012/05/01,,DS,"경영자확인서, 자본변동표, 현금흐름표, 재무제표에 대한 주석자료 미제시로 인한 감사범위의 제한 때문에 회계감사기준에서 요구하는 감사절차를 취하지 못하였음.",03,2011
179,(주)지앤알,43630,2010/12,032801,,,01,04,2000/07/04,2011/04/29,,DU,"영업손실 15,719백만원, 당기순손실 25,149백만원, 누적결손금 39,154백만원 발생 등 이러한 상황은 회사의 계속기업으로서의 존속능력에 중대한 의문을 제기 함.",03,2010
263,(주)한와이어리스,37020,2010/12,106201,,,01,04,1999/11/16,2011/04/23,,DU,"당기순손실 23,759백만원, 유동부채가 유동자산을 7,152백만원을 초과, 총부채가 총자산을 6,141백만원 초과하는 이러한 상황은 계속기업으로서의 존속능력에 의문을 불러일으킬 수 있는 중요한 불확실성이 존재함.",10,2010
98,(주)지노시스템,33850,2010/12,032902,,,01,04,1998/05/25,2011/05/07,,DS,"내부회계관리제도의 설계 및 운영에 대한 중요한 취약점이 발견되었고, 회사의 재고자산 및 자금거래 등에 대해 합리적으로 판단할 수 있는 적합한 감사증거를 확보할 수 없었음.",03,2010
272,(주)뉴젠아이씨티,54150,2010/12,074605,,,01,04,2001/11/08,2011/04/29,,DS,"경영권의 변경과정에서 내부 통제구조에 중요한 취약점이 발견되었으며, 내부통제구조가 회사의 재무제표에 미치는 영향에 대하여 합리적으로 추정할 수 있는 감사증거를 확보하지 못함.",07,2010
88,(주)씨모텍,81090,2010/12,032604,,,01,04,2007/11/14,2011/09/23,,DS,"회사의 내부통제절차의 중요한 취약점으로 인해 중요한 자금거래의 실질과 적정성 등을 확인할 수 없었으며, 자산의 평가 등에 대하여 합리적으로 추정할 수 있는 충분하고 적합한 감사증거를 확보하지 못함.",03,2010
143,(주)셀런,13240,2010/12,032605,,,01,04,1996/07/31,2011/04/15,,DU,"당기 영업손실 22,895백만원, 유동부채가 유동자산을 36,703백만원 및 총부채가 총자산을 61,116백만원 초과함. 이러한 상황은 회사의 계속기업으로서의 존속능력에 중대한 의문을 제기함.",03,2010
244,(주)훈영,17170,2010/12,105901,,,01,04,1995/07/08,2011/05/13,,DS,"전임 대표이사 등의 자금거래에 대해 영업관련성 여부를 확인 할 수 있는 근거를 확보하지 못하여 적절한 감사절차를 취하지 못하였으며, 회사가 자본변동표 및 현금흐름표를 제출하지 않음.",10,2010
59,엔빅스(주),54170,2010/12,106201,2010/12,2008/01/28,01,04,2001/10/11,2011/04/29,B-,DS,"경영자로 부터 재무상태표, 손익계산서, 결손금처리계산서, 자본변동표, 현금흐름표 및 재무제표에 대한 주석자료를 포함한 감사절차 실시에 필요한 자료를 제공받지 못함.",10,2010
46,(주)엠엔에프씨,48640,2010/12,032202,2010/12,2009/01/13,01,04,2001/01/09,2011/04/13,B-,DU,"당기순손실 35,004백만원이 발생, 유동부채가 유동부채가 유동자산을 24,813백만원 초과, 총부채가 총자산을 5,239백만원 초과함. 이러한 상황은 회사의 계속기업으로서의 존속능력에 중대한 의문을 제기함.",03,2010
289,(주)유니텍전자,39040,2010/12,074605,,,01,04,2000/03/21,2011/04/29,,DU,"당기 영업손실 발생 및 유동부채가 유동자산을 14.6억원 초과, 만기일이 도래한 차입금 50억원을 미상환하고 이러한 상황은 계속기업으로서의 존속능력에 중대한 의문을 제기함.",07,2010
140,(주)세븐코스프,17160,2010/12,031008,,,01,04,1992/09/07,2011/04/29,,DU,"당기순손실 37,288백만원 및 당기말 누적결손금 55,757백만원이며 누적적인 적자지속. 이러한 상황은 회사의 계속기업으로서의 존속능력에 중대한 의문을 제기함.",03,2010
127,(주)맥스브로,88810,2010/12,032202,,,01,04,2006/04/17,2011/04/29,,DU,"기존 사업의 지속적인 누적손실과 향후 계획하고 있는 신규사업의 중대한 불확실성이 존재하며, 취약한 회계제도 등의 잠재적 영향으로 회사의 계속기업으로서의 존속능력에 중대한 의문을 제기함.",03,2010
193,나이스메탈(주),72530,2010/12,032402,,,01,04,2003/12/05,2011/05/07,,DU,"내부회계관리제도의 취약성 및 총매출액의 63.5%, 상품매출의 80%를 차지하고 있는 LG상사와의 계약이 2010년 12월 31일로 종료되는 등의 상황은 회사의 계속기업으로서의 존속능력에 중대한 의문을 제기함.",03,2010
232,(주)대양글로벌,40180,2010/12,106201,,,01,04,2000/07/20,2011/10/25,,DS,㈜익스팬 주식의 취득과 해지과정에서 자금거래의 실질을 파악할 수 없는 등 합리적으로 추정할수 있는 충분하고 적합한 감사증거를 확보할 수 없었으며 대체적인 감사절차에 의해서도 만족할만한 결과를 얻지 못함.,10,2010
250,(주)스톰이앤에프,43680,2010/12,105901,,,01,04,2000/07/27,2011/04/13,,DU,"대규모의 영업손실 및 당기순손실이 발생, 유동부채가 유동자산을 크게 초과함. 이러한 상황은 회사의 계속기업으로서의 존속능력에 중대한 의문을 제기함.",10,2010
42,비알엔사이언스(주),38710,2010/12,032102,2010/12,2009/10/14,01,04,2002/02/19,2011/05/07,CCC+,DU,"당기순손실 46,368,947천원 발생하고 유동부채가 유동자산을 25,387,778천원 초과함. 또한 신주인권부사채의 상환을 하지 못함. 이러한 상황은 회사의 계속기업으로서의 존속능력에 중대한 의문을 제기함.",03,2010
141,(주)세실,84450,2010/09,032101,,,01,04,2007/11/20,2011/02/10,,DU,"회장의 농가지원보조금 9,274백만원 편취및재무제표 허위작성 및 공시혐의로 공소를 제기하여 매출채권의 회수지연에따른 회사운영자금 조달에 어려움이 예상되는 상황은 계속기업으로서의 불확실성을 내포하고있음.",03,2010
183,(주)케이알,35950,2009/03,032501,,,01,04,1999/12/21,2009/08/21,,DU,"유동부채가 유동자산을 24,791백만원 초과 및 일부 공사대금, 금융기관 차입금에 대해 연체 중인 상황은 계속기업으로서 존속능력에 중대한 의문을 제기함.",03,2009
41,네오세미테크(주),89240,2009/12,032605,2009/12,2009/11/20,01,04,2006/12/22,2010/09/03,BB-/안정적,DS,기계장치를 매각하고 매각한 자산을 유형자산관리대장에서 제거하는 통제절차의 미비 등 기계장치 및 건설중인자산의 실재성 및 장부가액의 적정성에 대하여 신뢰할 수 있는 합리적인 감사증거를 확보할 수 없었음,03,2009
291,(주)포네이처,45290,2009/12,074601,,,01,04,2004/01/06,2010/04/23,,DU,"내부통제구조의 중대한 취약성, 영업손실 48,078백만원, 부채총계가 자산총계보다 3,303백만원을 초과하여 완전 자본잠식 등의 상황은 회사의 계속기업으로서의 존속능력에 중대한 의문을 제기함.",07,2009
58,(주)유성티에스아이,24870,2009/12,032509,2009/12,2008/02/18,01,04,1997/08/27,2010/05/03,B-,DS,중요한 자금거래에 대한 내부통제구조가 취약하고 이로 인해 재무제표에 미치는 영향에 대하여 합리적으로 추정할 수 있는 감사증거를 확보할 수 없었으며 회계기록부실로 인해 감사절차를 취하지 못함.,03,2009
57,(주)현대금속,18410,2009/12,074605,2009/12,2008/04/02,01,04,1989/07/25,2010/05/13,B-,DS,"선급금, 단기대여금 및 매도가능증권과 관련된 거래에 대한 자료를 제시받지 못하였으며, 특수관계자와의 중요한 자금거래에 대한 내부통제절차를 확인할 수 없었음.",07,2009
40,제넥셀세인(주),34660,2009/12,032701,2009/12,2010/00/00,01,04,1999/05/14,2010/04/15,C,DU,"당기말 현재 매출액이 30억원 미만으로 부채규모보다 작고, 당기순손실 48,368백만원이 발생, 누적결손금 89,626백만원으로 자본잠식률 85%인 상황 등은 회사의 계속기업으로서의 존속능력에 중대한 의문을 제기함.",03,2009
174,(주)유퍼트,60670,2009/12,032801,,,01,04,2003/06/17,2010/04/13,,DU,"계류중인 소송사건의 완전성과 추가적인 채무의 발생 가능성 등에 대한 감사범위 제한 및 유동자산을 초과하는 유동부채액이 26,256백만원 등인 상황은 회사의 계속기업으로서의 존속능력에 중대한 의문을 제기함.",03,2009
175,(주)이롬텍,45400,2009/10,032602,,,01,04,2001/08/17,2010/02/11,,DU,"당기순손실 50,902백만원 및 총부채가 총자산을 8,895백만원 초과. 또한 자본이 전액잠식되었고, 2008년3월7일 조기상환청구된 사채 50억원 미상환. 이는 회사의 계속기업으로서의 존속능력에 중대한 의문을 제기함.",03,2009
47,(주)코레스,8340,2009/12,032402,2009/12,2008/12/25,01,04,1992/12/29,2010/04/13,BB,DU,"영업손실 12,795백만원이 발생, 유동자산을 초과한 유동부채액이 29,313백만원, 총자산을 초과한 총부채액이 4,664백만원인 상황 등은 회사의 계속기업으로서의 존속능력에 중대한 의문을 제기함.",03,2009
55,(주)중앙바이오텍,15170,2009/12,032103,2009/12,2008/05/14,01,04,2000/08/24,2010/04/13,B-,DU,"유동부채가 유동자산보다 6,820백만원 초과, 누적결손금은 55,845백만원으로 자본잠식률이 143%, 유형자산의 경매진행인 상황 등은 회사의 계속기업으로서의 존속능력에 중대한 의문을 제기함.",03,2009
53,(주)일공공일안경콘택트,32030,2009/12,074604,2009/12,2008/06/30,01,04,1997/01/23,2010/04/13,B+,DS,"매출채권 조회 관련, 자금조달거래와 관련한 차입금 등에 대하여 충분하고 적합한 감사증거를 확보할 수 없었으며, 회사의 전반적인 회계기록의 부실로 회계감사기준에서 요구하는 감사절차를 취하지 못하였음.",07,2009
44,(주)케드콤,11050,2009/12,032604,2009/12,2009/04/27,01,04,1988/09/01,2010/07/22,CCC,DS,"부적절한 자금 인출, 인감사용 및 어음발행 행위 등 관련 내부통제제도의 중요한 취약점이 발생, 미확인 어음에 대한 감사증거를 제시 받지 못함.",03,2009
45,(주)조인에너지,4820,2009/12,074607,2009/12,2009/02/13,01,04,1990/06/04,2010/04/15,BB+,DU,"유동부채가 유동자산보다 6,534백만원 많고, 누적결손금이 65,737백만원, 만기가 경과한 금융기관 차입금 3,740백만원의 미변제 등의 상황은 회사의 계속기업으로서의 존속능력에 중대한 의문을 제기함.",07,2009
185,(주)티엠,76090,2009/12,032902,,,01,04,2005/07/26,2010/04/23,,DU,"채권채무 상계약정의 실재성 미확인 등의 감사범위 제한, 대규모의 영업손실 및 당기순손실이 발생, 유동부채가 유동자산을 크게 초과하는 등의 상황은 회사의 계속기업으로서의 존속능력에 중대한 의문을 제기함.",03,2009
180,(주)지엔텍홀딩스,65410,2009/12,032901,,,01,04,2002/08/01,2010/05/05,,DU,"종속회사인 (주)지엔텍의 금융기관과의 당좌거래가 정지, 종속회사인 (주)지엔텍리소스가 영위하고 있는 해외자원개발사업이 진행되지 않고 있는 상황은 회사의 계속기업으로서의 존속능력에 중대한 의문을 제기함.",03,2009
214,한국기술산업(주),8320,2009/10,032803,,,01,04,1989/09/29,2010/03/11,,DU,"당기순손실 48,716백만원 발생 및 유동부채가 유동자산을 34,372백만원 초과하고 자본잠식률이 47%임. 또한 사채 2,650백만원을 상환하지 못하였음. 이는 회사의 계속기업으로서의 존속능력에 중대한 의문을 제기함.",03,2009
286,(주)에버리소스,20070,2009/12,074605,,,01,04,1994/12/29,2010/05/01,,DU,"사채권자의 확인 등 관련 사항에 대한 내부통제구조상 중대한 취약점 발견, 최대주주인 이철희로부터 수증받은 주권의 담보제공관련 감사범위 제한 등은 회사의 계속기업으로서의 존속능력에 중대한 의문을 제기함.",07,2009
243,(주)하이스마텍,57100,2009/12,105802,,,01,04,2002/11/15,2010/05/08,,DS,"자금관련 내부통제구조의 극히 중요한 취약점과 위법사실로 자산의 손상가능성, 우발부채의 발생가능성 등의 합리적인 추정할 충분한 감사증거를 확보 할 수 없었음.",10,2009
68,(주)사이노젠,64060,2009/12,032901,2009/12,2004/08/04,01,04,2002/07/30,2010/04/13,BB-,DU,"누적결손금이 143,943백만원에 달하며, 당기말 현재 유동자산을 초과한 유동부채액이 10,385백만원인 상황 등은 회사의 계속기업으로서의 존속능력에 중대한 의문을 제기함.",03,2009
109,오페스(주),53470,2009/12,032604,,,01,04,2001/07/31,2010/05/08,,DS,"자금 관련 내부 통제구조에 극히 중요한 취약점이 발견, 우발채무의 발생가능성, 계속기업에 대한 가정 등 회사의재무제표에 미치는 영향에 대하여 합리적으로 추정할 수 있는 감사증거를 확보할 수 없었음.",03,2009
239,(주)인젠,41630,2009/12,106201,,,01,04,2002/01/15,2010/05/08,,DS,"자금 관련 내부 통제구조에 중요한 취약점이 발견되었으며 이와 관련하여 자산의 손상가능성, 부외부채의존재여부 등에 대한 합리적인 확신을 가질수 없었음.",10,2009
238,(주)엑스로드,74140,2009/12,106201,,,01,04,2006/08/01,2010/05/08,,DS,"중요한 자금거래에 대한 내부통제의 취약점이 발견되었으며, 이로 인한 자금거래의 실직 미파악, 부채의 완전성과 우발부채의 발생가능성, 자산의 추가 손상가능성에 대해 충분적합한 감사증거를 확보할 수 없었음.",10,2009
119,(주)고제,2540,2009/12,032001,,,01,04,1989/10/12,2010/04/23,,DU,"감사인과 경영자의 의견불일치금액 19,825백만원 존재. 이를 반영하면 당기순손실 41,727백만원이며 유동부채가 유동자산을 24,645백만원 초과함. 이는 회사의 계속기업으로서의 존속능력에 중대한 의문을 제기함.",03,2009
115,태창기업(주),7490,2009/12,031301,,,01,04,1976/12/28,2010/05/13,,DS,"자본변동표 및 현금흐름표와 현금및현금성자산 및 자기주식과 관련된 거래에 대한 자료 미제시, 특수관계자와의 중요한 자금거래에 대한 내부통제절차를 확인할 수 없었음.",03,2009
235,(주)신지소프트,78700,2009/12,105802,,,01,04,2004/10/29,2010/02/27,,DS,"회사에 의한 감사범위의 제한 때문에 채권채무 및 금융거래에 대한 조회 및 대체적 절차를 수행할 수 없었으며, 내부회계관리제도의 설계 및 운영의 효과성에 대한 검토절차를 수행할 수 없었음.",10,2009
245,제이에스(주),37110,2009/12,106201,,,01,04,2000/07/11,2010/05/01,,DS,당기 중 발행한 비은행약속어음의 사용내역 및 부채의 완전성에 대하여 확인할 수 있는 증거를 회사가 제출하지 못하였고 대체적인 방법에 의하여도 만족할 만한 결과를 얻지 못함.,10,2009
255,(주)제로원인터랙티브,69470,2009/12,106309,,,01,04,2002/11/11,2010/05/03,,DU,"내부통제제도에 대한 불확신, 음원제공서비스와 드라마 및 음반제작을 통하여 매출을 실현하였으나 주요 거래처에 대한 음원 매출이 중단 등의 상황은 회사의 계속기업으로서의 존속능력에 중대한 의문을 제기함.",10,2009
166,(주)에이치비이에너지,17300,2009/12,032605,,,01,04,1995/11/10,2010/04/15,,DU,"당기매출총손실은 2,298백만원, 당기순손실은 50,398백만원, 계열회사의 처분, 취득 및 부도사유발생 등의 상황은 회사의 계속기업으로서의 존속능력에 중대한 의문을 제기함.",03,2009
259,(주)코어비트,56850,2009/12,106201,,,01,04,2001/12/20,2010/03/09,,DU,전 대표이사의 횡령 및 부외부채 등으로 인하여 발생 가능한 계속기업으로서 존속가능성에 대한 중요한 불확실성을 내포함.,10,2009
241,(주)플러스프로핏,36660,2009/06,105901,,,01,04,2000/06/15,2009/11/20,,DS,"회사에 의한 감사범위 제한으로 인해 매출채권등 계정잔액및 매출, 매입거래와 관련하여 회계감사기준에서 요구하는 감사절차를 수행할 수 없었음.",10,2009
101,(주)폴켐,33190,2009/12,032201,,,01,04,1997/11/10,2010/04/23,,DS,"선급금, 지분법적용투자주식, 관계회사간채권ㆍ채무 및 기타채권ㆍ채무에 대한 실재성 및 완전성과 평가의 적정성 확인 및 주석사항의 적성성 확인 등 중요한 감사절차를 취하지 못함.",03,2009
154,(주)아구스,78670,2009/12,032604,,,01,04,2007/07/27,2010/05/01,,DU,"당기 영업손실 3,304백만원, 당기순손실 7,401백만원 발생 및 유동비율 138.62%, 누적결손금 1,149백만원 임. 이러한 상황과 취약한 내부통제구조는  회사의 계속기업으로서의 존속능력에 중대한 의문을 제기함.",03,2009
87,(주)쌈지,33260,2009/12,031501,,,01,04,2001/02/01,2010/04/17,,DS,회사에 의한 감사범위의 제한 때문에 재고실사 입회와  미회수어음수표에 대한 감사절차 및 매출채권에 대한 조회절차를 수행할 수 없었음.,03,2009
82,(주)단성일렉트론,85990,2009/12,032902,,,01,04,2006/05/23,2010/05/08,,DS,회사에 의한 전반적인 감사범위의 제한 및 회사의 회계기록의 부실로 회계감사기준에서 요구하는 감사절차를 취하지 못하였음.,03,2009
273,(주)보홍,41320,2009/12,074605,,,01,04,2000/08/08,2010/05/08,,DS,"(주)유니씨앤텍과의 거래의 합리성(탄소나노튜브(CNT) 매입) 및 10,000백만원의 양도성예금증서 관련한 자산의 손상가능성, 우발채무의 발생가능성 등 취약한 내부통제구조 관련한 감사증거를 확보하지 못하였음.",07,2009
274,(주)에스피코프,48130,2009/12,074607,,,01,04,2001/11/22,2010/04/20,,DS,"내부통제구조의 중대한 취약성, GAAP에 따라 처리되지 않은 매출액 6,406,275천원, 주요 자산 및 부채에 대한 감사범위의 제한으로 회계감사기준에서 요구하는 감사절차를 취하지 못하였음.",07,2009
282,(주)소예,35010,2009/06,074607,,,01,04,1999/06/11,2009/11/03,,DU,"종속회사의 매출이 정상적으로 이루어지지 않고, 임직원불법행위미수금 40,381백만원이 발생하는 등 이러한 상황은 회사의 계속기업으로서의 존속능력에 중대한 의문을 제기함.",07,2009
66,(주)휴리프,6210,2009/03,032605,2009/03,2007/04/24,01,04,1977/06/29,2009/07/15,CCC(+),DU,"총부채가 총자산을 23,630백만원 초과 및 수차례 유상증자를 실시하였으나 차입금 상환 및 운영자금에 필요한 자금이 부족한 상황은 계속기업으로서 존속능력에 중대한 의문을 제기함.",03,2009
283,(주)쏠라엔텍,30390,2009/12,074605,,,01,04,1997/02/12,2010/05/08,,DU,"매출액 3,099백만원, 영업손실 5,818백만원, 당기순손실 33,791백만원이 발생, 누적결손금 79,320백만원인 상황 등은 회사의 계속기업으로서의 존속능력에 중대한 의문을 제기함.",07,2009
164,(주)에이스일렉트로닉스,38690,2009/12,032602,,,01,04,2000/06/29,2010/04/17,,DU,"취약한 내부통제구조와  유동부채가 유동자산보다 3,827 백만원을 초과, 예적금계좌에 대한 가압류 및 유동성 부족 등의 상황은 회사의 계속기업으로서의 존속능력에 중대한 의문을 제기함.",03,2009
117,해원에스티(주),58480,2009/12,032401,,,01,04,2002/01/15,2010/05/08,,DS,"자금거래, 주식거래 및 특수관계자와의 비경상적 거래에 대한 내부통제의 취약, 관련된 거래의 진실성, 경영자진술의 완전성 등과 관련한 항목에 대해 합리적인 감사절차를 취할 수 없었음.",03,2009
248,(주)미디어코프,53890,2008/12,105801,,,01,04,2002/05/07,2009/04/11,,DU,"추가우발부채의 파악을 할 수 없고, 관련 주석사항을 미제출하였으며 당기순순실이 93,115백만원, 유동자산을 초과한 유동부채가 36,470백만원임. 이는 회사의 계속기업으로서 존속능력에 중대한 의문을 제기함.",10,2008
288,(주)위너스인프라인,5760,2008/10,074604,,,01,04,1976/04/01,2009/02/19,,DU,"채무 불이행으로 대부분의 자산이 압류 또는 가압류, 자료 미제시로 계정의 적정성에 대해 감사절차를 취하지 못하는 등의 상황은 계속기업으로서 존속능력에 중대한 의문을 제기함.",07,2008
249,(주)블루스톤디앤아이,33720,2008/12,105802,,,01,04,2000/06/27,2009/05/15,,DU,회사가 600억원으로 계상하고 있는 SMI현대의 지분법적용주식의 가치에 대한 합리적인 근거가 존재하지 않으며 회계정보의 불확실성이 존재함. 이는 회사의 계속기업으로서의 존속능력에 중대한 의문을 제기함.,10,2008
209,우수씨엔에스(주),60550,2008/12,031401,,,01,04,2002/02/28,2009/04/11,,DU,"영업손실 42억원, 당기순손실 751억원 및 유동부채가 유동자산을 565억원 초과, 총부채가 총자산을 384억원 초과함. 이러한 상황은 회사의 계속기업으로서의 존속능력에 중대한 의문을 제기함.",03,2008
210,유리이에스(주),7050,2008/12,032902,,,01,04,1975/12/27,2009/04/15,,DU,"당기순손실 23,102백만원, 실재성 및 회수가능성을 확인할 수 없는 선급금 등 15,912백만원, 총자산을 초과하는 총부채액이 13,385백만원 등 회사의 계속기업으로서의 존속능력에 중대한 의문을 제기함.",03,2008
260,(주)포넷,48270,2008/12,105801,,,01,04,2003/01/24,2009/05/04,,DU,자본완전잠식 및 용역매출 관련 자산을 타 사에 양도함으로 인하여 사업을 중단하는 등의 상황은 계속기업으로서 존속능력에 중대한 의문을 제기함.,10,2008
256,(주)지비에스,76170,2008/12,105901,,,01,04,2004/01/16,2009/04/22,,DU,"2009년 2월 20일 파산을 선고하였으며, 회사의 주된 영업인 극장을 임대하여 이렇다할 영업활동을 영위하고 있지 않음. 이러한 상황은 회사의 계속기업으로서의 존속능력에 중대한 의문을 제기함.",10,2008
150,(주)쓰리소프트,36360,2008/12,032604,,,01,04,2001/01/18,2009/04/29,,DU,"당기순손실 29,272백만원이 발생하고, 총부채가 총자산을 22,179백만원 초과함. 또한 조기상환 청구된 일부 전환사채등도 상환하지 못함. 이러한 상황은 회사의 계속기업으로서의 존속능력에 중대한 의문을 제기함.",03,2008
60,(주)야호커뮤니케이션,59720,2008/12,106301,2008/12,2007/11/01,01,04,2002/01/17,2009/05/27,B-,DS,지분법적용투자주식에 대한 감사범위의 제한 때문에 회사가 제시한 재무제표에 대하여 회계감사기준에서 요구하는 감사절차를 취하지 못하였음.,10,2008
51,케이이엔지(주),77960,2008/12,032902,2008/12,2008/08/14,01,04,2004/10/29,2009/04/29,B,DU,"당기순손실 30,567백만원 발생, 유동자산을 초과하는 유동부채액 15,766백만원이며 회사 자산에 대해 가압류 및 지급명령 등의 상황이 발생함. 이는 회사의 계속기업으로서의 존속능력에 중대한 의문을 제기함.",03,2008
62,(주)비에이치케이,3990,2008/12,074608,2008/12,2007/08/20,01,04,1976/12/22,2009/04/30,B-,DS,"감사범위 제한 때문에 현금흐름표, 재무제표에 대한 주석을 제시받지 못하였으며, 일부 계정에 대해서도 만족할 만한 감사를 실시하지 못하였음.",07,2008
63,(주)피더블유제네틱스,65910,2008/12,106201,2008/12,2007/07/17,01,04,2003/01/10,2009/04/18,B-,DU,"영업손실 5,830백만원, 당기순손실 33,608백만원, 유동자산을 초과하는 유동부채액 16,950백만원, 영업활동으로 인한 부의 현금흐름 3,340백만원임. 이는 회사의 계속기업으로서의 존속능력에 중대한 의문을 제기함.",10,2008
61,케이엠에이치(주),9690,2008/12,032803,2008/12,2007/10/31,01,04,1990/01/29,2009/05/13,P-B,DS,주식양수도계약과 관련하여 소명되지 아니한 어음에 대해 상환의무의 존재 여부 및 그 금액을 확인할 수 있는 증거를 수집할 수 없어 회계감사기준에서 요구하는 감사절차를 취하지 못하였음.,03,2008
112,케이엔에스홀딩스(주),36760,2008/12,032602,,,01,04,1999/12/10,2009/04/23,,DS,"자본변동표,  현금흐름표, 주석 미제시, 여러자산, 유동 및 비유동부채, 자본, 매출, 매출원가, 판매비와관리비, 영업외손익, 부외부채 및 우발상황 그리고 계속기업에 대한 감사절차를 수행할 수 없었음.",03,2008
67,(주)나노하이텍,71360,2008/12,032602,2008/12,2007/03/23,01,04,2003/10/24,2009/04/29,B+/Stable,DU,"실재성 및 회수가능성을 확인할 수 없는 선급금 등 23,970백만원이 있으며, 총자산을 초과하는 총부채액이 12,890백만원임. 이러한 상황은 회사의 계속기업으로서의 존속능력에 중대한 의문을 제기함.",03,2008
56,(주)코스모스피엘씨,53170,2008/12,105802,2008/12,2008/04/23,01,04,2002/01/10,2009/04/30,B-,DU,"수익모델 창출 지연, 중단사업 자산 매각 지연 등으로 영업손실 2,583백만원, 당기순손실 31,491백만원 발생함. 또한 채무불이행등으로 자산이 압류되는 등 회사의 계속기업으로서 존속능력에 중대한 의문을 제기함.",10,2008
157,(주)아이디에이치,26230,2008/12,032902,,,01,04,1995/10/06,2009/04/29,,DU,"유동부채가 유동자산을 825억원 및 총부채가 총자산을 732억만큼 초과하고, 2008년 10월31일자로 회생절차개시결정 등의 상황은 계속기업으로서 존속능력에 중대한 의문을 제기함.",03,2008
167,(주)에프아이투어,47370,2008/12,032604,,,01,04,2001/05/29,2009/04/11,,DU,"영업손실 346백만원, 당기순손실 19,598백만원 발생, 유동부채가 유동자산을 11,727백만원 초과하며 지급보증액 24,145백만원 우발채무 존재함. 이는 회사의 계속기업으로서의 존속능력에 중대한 의문을 제기함.",03,2008
54,모빌링크텔레콤(주),41310,2008/12,032604,2008/12,2008/06/20,01,04,2000/05/09,2009/04/23,B+,DU,"매출채권 등 일부의 실재성과 관련하여 충분한 감사증거를 확인할 수 없었고, 총자산을 초과하는 총부채액 10,127백만원 등의 상황은 계속기업으로서 존속능력에 중대한 의문을 제기함.",03,2008
177,(주)자강,36790,2008/12,032604,,,01,04,1999/12/16,2009/05/15,,DU,"영업손실 6,681백만원 및 당기순손실 28,795백만원 발생하고, 유동부채가 유동자산을 4,331백만원 초과하며 차입금 상환이 불이행되고 있음. 이는 회사의 계속기업으로서의 존속능력에 중대한 의문을 제기함.",03,2008
52,(주)도움,78610,2008/12,032604,2008/12,2008/07/18,01,04,2005/05/09,2009/04/11,CCC,DU,"영업손실은 93억원 당기순손실 546억원, 유동부채가 유동자산을 375억원 초과하며, 총부채가 총자산을 198억원 초과함. 이러한 상황은 회사의 계속기업으로서의 존속능력에 중대한 의문을 제기함.",03,2008
120,(주)기린,6070,2008/12,031007,,,01,04,1989/06/20,2009/05/13,,DU,"유동자산을 초과하는 유동부채액 44,188백만원, 미처리결손금 24,522백만원, 3년간 영업손실이 발생하여, 누적영업손실액이 24,709백만원임. 이는 회사의 계속기업으로서의 존속능력에 중대한 의문을 제기함.",03,2008
50,(주)엑스씨이,81500,2008/12,106201,2008/12,2008/08/28,01,04,2006/07/21,2009/04/29,p-B+/Stable,DU,"급격한 매출 감소 등으로 영업손실 및 당기순손실이 발생하고, 유동부채가 유동자산을 초과하는 등 이러한 상황은 회사의 계속기업으로서의 존속능력에 중대한 의문을 제기함.",10,2008
184,(주)쿨투,56020,2008/12,032701,,,01,04,2003/07/04,2009/04/29,,DU,"영업손실 11,455백만원, 당기순손실 40,143백만원 발생, 유동부채가 유동자산을 42,516백만원 초과, 만기에 상환못한 차입금이 11,657백만원 있음. 이는 회사의 계속기업으로서의 존속능력에 중대한 의문을 제기함.",03,2008
187,(주)포이보스,38810,2008/12,031802,,,01,04,2000/05/09,2009/04/11,,DU,"제3자 채무에 대한 지급보증 19,368백만원과 각종  투자원리금 상환 지급보증 12,042백만원 등 우발채무 31,410백만원 등의 상황은 회사의 계속기업으로서의 존속능력에 중대한 의문을 제기함.",03,2008
48,(주)디에스피이엔티,16040,2008/12,033003,2008/12,2008/12/18,01,04,1993/12/07,2009/04/11,D,DU,유동부채가 유동자산을 110억원만큼 초과하고 누적결손으로 인하여 총부채가 총자산을 81억원 초과하며 2008년 회생절차를 진행중임. 이러한 사아황은 게속기업으로서의 존속능력에 중대한 의문을 제기함.,03,2008
49,(주)씨앤중공업,8400,2008/12,033002,2008/12,2008/10/27,01,04,1987/11/18,2009/05/13,B,DU,"당기 영업손실과 당기순손실 발생 및 유동부채가 유동자산을 초과, 관계회사에 대한 지급보증액에 대한 우발채무를  가지고 있는 등의 상황은 계속기업으로서 존속능력에 중대한 의문을 제기함",03,2008
182,(주)청람디지탈,35270,2007/12,032605,,,01,04,1999/08/13,2008/04/23,,DU,"당기 중 10,639백만원의영업손실, 18,021백만원의 당기순손실 및 21,202백만원의 부의 영업현금흐름을 시현하고 있는 상황 등은 회사의 계속기업으로서의 존속능력에 중대한 의문을 제기함.",03,2007
213,플래닛팔이(주),57330,2007/12,032801,,,01,04,2001/12/20,2008/04/23,,DU,"자산총액의 72%를 차지한 개발성격의 무형자산에 대한 신뢰성을 부여할 수 없고, 대표이사 등의 구속 등의 상황은 계속기업으로서 존속능력에 중대한 의문 제기함.",03,2007
246,한국통신데이타(주),45760,2007/12,105802,,,01,04,2002/04/23,2008/06/13,,DS,현금및현금성자산 중 우발채무 및 충당부채의 계상에 관련된 정기예금에 대하여 감사범위제한 때문에 회계감사기준에서 요구하는 적절한 감사절차를 수행할 수 없었음.,10,2007
84,(주)두림티앤씨,33330,2007/12,032202,,,01,04,1997/11/03,2008/05/03,,DS,"감사범위의 제한으로 매출거래의 실재성, 지분법적용투자주식과 관련한 기중 거래의 적정석 등에 대해 회계감사기분에서 요구하는 감사절차를 취하지 못함.",03,2007
199,마이크로닉스(주),1190,2007/12,031301,,,01,04,1988/10/20,2009/04/27,,DU,"당기에 영업손실 22,950백만원, 회사의 금융자산 및 부동산 등에 가압류 등이 집행되어 있는 등의 상황은 계속기업으로서 존속능력에 중대한 의문 제기함.",03,2007
64,(주)한도하이테크,60660,2007/12,106201,2007/12,2007/05/21,01,04,2002/02/21,2008/05/03,B+,DS,"감사범위 제한 때문에 현금흐름표, 결손금처리계산서, 자본변동표를 제시받지 못하였음.",10,2007
252,(주)에너윈,55970,2007/12,106309,,,01,04,2003/08/01,2008/05/03,,DU,"당기순손실 15,959백만원, 당기말 현재 미처리결손금 77,612백만원, 회사의 금융자산 등에 대한 가압류 등이 집행되는 등의 상황은 계속기업으로서 존속능력에 중대한 의문 제기함.",10,2007
65,(주)세라온홀딩스,50600,2007/12,032602,2007/12,2007/05/10,01,04,2001/06/21,2008/09/09,-,DS,"투자관련미수금으로 기재된 22,129백만원에 대한 그 지출의 정당성 및 실재성 확인과 회수가능성에 대해 적절한 감사절차를 수행하지 못하였음.",03,2007
191,(주)한텔,41940,2007/12,032604,,,01,04,2001/07/24,2008/04/23,,DU,"총부채액이 총자산을 1,655백만원 초과, 회사의 자산 등의 가압류 상태 등의 상황은 계속기업으로서 존속능력에 중대한 의문 제기함.",03,2007
206,에스와이(주),4530,2007/12,031006,,,01,04,1988/06/18,2008/04/22,,DU,"총자산을 초과한 총부채액이 104억원, 회사의 전 대표이사 횡령사고와 관련한 우발사항이 존재하는 등의 상황은 계속기업으로서 존속능력에 중대한 의문을 제기함.",03,2007
264,유씨아이콜스(주),65810,2007/12,106201,,,01,04,2003/02/12,2008/04/17,,DU,"횡령사건과 영업중단 등, 회사명의로 이루어진 전 대표이사의 차입 및 보증으로 인한 우발채무는 회사의 계속기업으로서의 존속능력에 중대한 의문을 제기하고 있음.",10,2007
234,(주)시큐어소프트,37060,2006/12,105802,,,01,04,2001/08/14,2007/04/04,,DS,"전임 대표이사의 불법행위미수금 관련과 지분법적용투자주식의 매각거래등에 대한 내부통제가 불비하고 관련 회계기록의 부실, 우발채무로 인한 불확실성 등이 존재함.",10,2006
171,(주)예일바이오텍,54250,2006/12,032901,,,01,04,2001/12/20,2007/04/11,,DU,"완전자본잠식에 따른 계속기업가정의 중대한 불확실성, 내부통제제도의 중대한 취약성, 피투자회사 감사범위의 제한 등의 중요성 때문에 2006년 재무제표에 대한 의견을 표명하지 아니함",03,2006
247,(주)레이더스컴퍼니,47420,2006/03,105802,,,01,04,2002/07/19,2006/07/13,,DU,"영업손실과 당기순손실이 각각 4,102백만원과 10,594백만원, 대차대조표일 이후 재발생한 대여금 7,125백만원의 회수불확실성 존재하는 상황등은 회사의 계속기업으로서의 존속능력에 중대한 의문을 제기함.",10,2006
80,인터피온반도체(주),14010,2005/06,032601,2005/06,1999/03/26,01,04,1989/06/21,2005/12/28,C,DU,"당기순손실 6,839백만원, 누적결손금 14,511백만원 등 계속기업으로서 존속능력에 중대한 의문 제기",03,2005
152,(주)씨크롭,16970,2005/12,032501,,,01,04,1989/09/12,2006/07/13,,DU,"회사의 회계관련 증빙의 부실로 회계감사기준에서 요구하는 감사절차를취하지 못하였으며 누적결손금 550,260백만 원 발생 등의 상황은 회사의 계속기업으로서의 존속능력 중대한 의문을 제기함.",03,2005
108,신광기업(주),1580,2005/03,032804,,,01,04,1988/10/26,2005/08/05,,DS,"선급금 및 임차보증금의 기중거래금액에 대한 내부통제가 불비하고 관련 회계기록의 부실로 인하여 이사회결의, 입출금증빙 확인 등 회계감사기준에서 요구하는 감사절차를 수행하지 못함",03,2005
139,(주)세니콘,56060,2005/12,032604,,,01,04,2002/01/15,2006/04/08,,DU,"계열회사인 ICX Global, Inc.에 대한 감사 절차를 취하지 못하였으며,  유동부채가 유동자산을 14,975백만원만큼 초과하는 등의 상황은 회사의 계속기업으로서의 존속능력에 중대한 의문을 제기함.",03,2005
207,에이피이우주통신(주),15670,2005/12,032605,,,01,04,1991/02/08,2007/09/12,,DU,"계속적인 영업손실로 인하여 누적순손실이 12,806백만원이며, 전 대표이사의 가공매출(3,139백만원)을 통한 횡령 등의 상황은 회사의 계속기업으로서의 존속능력에 중대한 의문을 제기함",03,2005
77,(주)아이엠아이티,38100,2004/12,105802,2004/12,2002/07/05,01,04,2000/01/13,2005/04/08,P-B+,DU,"총자산 초과 총부채액이 5,701백만원,  차입금관련 원리금 상환 불가 등의 상황은 계속기업으로서 존속능력에 중대한 의문 제기",10,2004
281,(주)베네데스하이텍,9360,2004/12,074608,,,01,04,1990/01/29,2005/04/15,,DU,"13,846백만원의 당기순손실 발생, 2003년 10월에서 현재까지 정상적인 영업활동이 수행되지 못하는 등의 상황은 회사의 계속기업으로서의 존속능력에 중대한 의문을 제기함",07,2004
70,(주)택산아이엔씨,36900,2004/12,032901,2004/12,2003/12/24,01,04,2000/01/11,2005/04/23,B+,DU,"경상손실이 859억원이 발생하였고, 동일자 현재 유동자산을 초과한 유동부채액이 513억원인 상황 등은 회사의 계속기업으로서의 존속능력에 중대한 의문을 제기함",03,2004
71,(주)엔에스아이,53250,2004/12,032603,2004/12,2003/06/30,01,04,2001/07/20,2005/04/02,B+,DU,"유동부채가 유동자산을 2,806백만원 초과, 보증료 미납으로 회사 토지 등 가압류, 회사가 회수했다고 하는 횡령미수금 등에 대한 감사증거 확보 불가 등의 상황은 계속기업으로서 중대한 의문 제기",03,2004
123,(주)동방라이텍,25690,2004/12,032804,,,01,04,1997/07/04,2005/03/12,,DU,"영업손실이 14,549백만원 발생, 유동자산을 초과하는 유동부채가 7,168백만원인 상황 등은 회사의 계속기업으로서의 존속능력에 중대한 의문을 제기함",03,2004
103,(주)한메엔에스,6150,2004/12,032602,,,01,04,1994/08/12,2005/04/08,,DS,"현금흐름표 및 재무제표에 대한 주석자료를 입수하지 못하였으며, 매출채권 13,611백만원과 장기투자증권 10,460백만원의 회수가능성 등에 대해서도 충분하고 적합한 감사증거를 확보할  수 없었음",03,2004
69,(주)한신코퍼레이션,37120,2004/06,105901,2004/06,2003/12/30,01,04,1999/11/18,2004/10/21,B-,DU,"전 대표이사 김진호의 유용 및 횡령, 회사명의로 발행된 은행도 어음이외의 회사발행 어음 600백만원에 대한 우발채무 등의 상황은 회사의 계속기업으로서의 존속능력에 중대한 의문을 제기함",10,2004
160,(주)업필,54370,2004/12,032604,,,01,04,2001/11/20,2005/04/12,,DU,"당기순손실 13,651백만원, 유동자산을 초과하는 유동부채가 6,304백만원 인 등의 상황은 회사의 계속기업으로서의 존속능력에 중대한 의문을 제기함",03,2004
74,(주)맥시스템,36880,2004/12,032604,2004/12,2003/01/28,01,04,1999/12/07,2005/03/31,P-B-,DU,"10,853백만원의 경상손실 발생, 유동자산을 초과한 유동부채 8,069백만원  발생 등의 상황은 회사의 계속기업으로서의 존속능력에 중대한 의문을 제기함",03,2004
178,(주)지니웍스,36600,2004/12,031302,,,01,04,2000/01/11,2005/04/02,,DU,"총부채가 총자산을 1,200백만원 초과, 채무재조정 협의 불가, 보유중인 자회사 주식, 단기대여금 등에 대한 감사범위 제한으로 충분한 감사 불가 등의 상황은 계속기업으로서 존속능력에 중대한 의문 제기",03,2004
242,(주)하우리,49130,2004/12,105802,,,01,04,2002/01/22,2005/04/05,,DS,"한컴리눅스와의 자금거래에 대한 내부통제 불비, 부동산 매입거래와 관련하여 건설중인자산의 취득 및 관련 지출증빙의 제시가 불충분하여 부동산 매입거래의 적정성을 확인할 수 없었음",10,2004
145,(주)슈마일렉트론,56500,2004/12,032603,,,01,04,2002/06/04,2005/04/05,,DU,"하반기 매출의 급감으로 매출총손실 1,079백만원, 당기순손실이 5,493백만원 발생 등의 상황은 회사의 계속기업으로서의 존속능력에 중대한 의문을 제기함",03,2004
144,(주)셰프라인,12250,2004/12,032509,,,01,04,1993/02/05,2005/04/15,,DU,"유동자산을 초과한 유동부채액이 200백만원, 자본잠식률이 약 70%, 사용내역이 미확인된 다수의 어음, 수표 등의 우발채무 존재 등의 상황은 회사의 계속기업으로서의 존속능력에 중대한 의문을 제기함",03,2004
142,(주)센추리,6750,2004/12,032901,,,01,04,1989/11/09,2005/04/14,,DU,"36,563백만원 경상순손실 발생, 유동자산을 초과하는 유동부채 20,195백만원 발생하는 등의 상황은 회사의 계속기업으로서의 존속능력에 중대한 의문을 제기함",03,2004
138,(주)성진산업,37650,2004/12,032509,,,01,04,1999/12/24,2005/04/05,,DU,"경상손실 35,241백만원 발생, 유동자산을 초과하는 유동부채가 16,599백만원 초과하는 등의 상황은 회사의 계속기업으로서의 존속능력에 중대한 의문이 제기됨",03,2004
181,(주)창민테크,42960,2004/12,032702,,,01,04,2000/07/11,2005/04/13,,DU,"경상손실 27,837백만원 발생, 유동자산을 초과하는 유동부채가 6,870백만원인 등의 상황은 회사의 계속기업으로서의 존속능력에 중대한 의문을 제기함",03,2004
73,텔슨정보통신(주),18180,2004/12,032604,2004/12,2003/05/09,01,04,1993/06/03,2005/04/07,BB-,DU,"29,807백만원의 경상손실 발생, 총자산을 초과하는 유동부채액이 26,623백만원, 관계회사 지급보증으로 인한 우발채무 729백만원 등의 상황은 회사의 계속기업으로서의 존속능력에 중대한 의문을 제기함",03,2004
200,맥슨텔레콤(주),9890,2004/12,032604,,,01,04,1984/12/13,2005/04/21,,DU,"총자산 초과 총부채액 41,092백만원, 유동성부족으로 인하여 만기도래한 단기차입금 5,772백만원을 연체 등의 상황은 회사의 계속기업으로서의 존속능력에 중대한 의문을 제기함",03,2004
197,디이시스(주),53200,2003/12,032801,,,01,04,2001/12/26,2004/04/03,,DU,"최대주주 등의 부정으로 회사의 약속어음 15매가 불법적으로 인출, 사용되었으며 이로 인해 회사가 향후 부담하여야 할 우발채무금액은 예측할 수 없음",03,2003
72,한국코아(주),10150,2003/12,032602,2003/12,2003/06/26,01,04,1987/09/10,2004/04/23,BB+,DU,"경상손실 17,138백만원이 발생, 현금및 현금등가물 중 상당금액이 차입금관련하여 담보로 제공되는 등의 상황은 회사의 계속기업으로서의 존속능력에 중대한 의문을 제기함",03,2003
78,엔써커뮤니티(주),37750,2003/12,106201,2003/12,2001/06/14,01,04,2000/11/09,2004/04/13,BB-,DU,"경상순손실 9,787백만원이 발생, 동 일자 현재 유동자산을 초과하는 유동부채액이 13,296백만원이 발생하는 등의 상황은 회사의 계속기업으로서의 존속능력에 중대한 의문을 제기",10,2003
76,(주)트래픽아이티에스,38050,2003/12,032809,2003/12,2002/07/31,01,04,2002/01/10,2004/04/15,P-B+,DU,"경상손실 5,175백만원과 부(-)의 영업활동으로 인한 현금흐름은 3,015백만원을 시현, 2,817백만원의 은행차입금의 연체 등의 상황은 회사의 계속기업으로서의 존속능력에 중대한 의문을 제기함",03,2003
208,엠바이엔(주),31970,2003/12,032603,,,01,04,1997/01/07,2004/04/07,,DU,"유동부채가 유동자산을 172억원 초과하고 있으며, 총부채가 총자산을 133억원 초과하는 등의 상황은 회사의 계속기업으로서의 존속능력에 중대한 의문을 제기하게 함",03,2003
75,삼도물산(주),2930,2003/12,031401,2003/12,2002/12/23,01,04,1976/04/28,2004/05/08,B,DS,재무재표 및 재무제표에 대한 주석자료를 포함한 감사절차 실시에 필요한 자료를 제공받지 못하였음.,03,2003
93,(주)월드텔레콤,47610,2003/12,032605,,,01,04,2000/12/12,2004/04/08,,DS,"2004년 1월 27일부터 노조의 파업으로 인하여 감사일 현재까지 조업이 중단되어 있으며, 이 때문에 회사는 회계에 관한 자료를 제시하지 못하였음",03,2003
202,삼화기연(주),33210,2003/12,032801,,,01,04,1997/10/13,2004/03/31,,DU,"총부채가 총자산을 2,345백만원 초과, 내부제도상의 문제발생, 전 대주주들의 금융자산이 업무상 횡령, 배임등으로 사외 유출되는 등의 상황 등으로 계속기업으로서의 존속능력에 중대한 의문이 제기됨",03,2003
122,(주)넷컴스토리지,37010,2003/12,032603,,,01,04,1999/12/21,2004/04/08,,DU,"누적결손금 15,903백만원, 유동부채가 유동자산을 3,147백만원을 초과하는 등의 상황은 회사의 계속기업으로서의 존속능력에 중대한 의문을 제기함",03,2003
262,(주)한빛네트,36720,2003/12,105802,,,01,04,2001/11/08,2004/04/08,,DU,"유동자산을 초과한 유동부채가 2,793백만원, 당기순손실 13,684백만원이 발생하는 등의 상황은 계속기업으로서의 존속능력에 중대한 의문을 제기함",10,2003
261,(주)피코소프트,39580,2003/12,105802,,,01,04,2000/07/06,2004/04/07,,DU,"매출실적의 저조, 경상손실 8,178백만원의 발생 등의 상황은 회사의 계속기업으로서의 존속능력에 중대한 의문을 제기함",10,2003
173,(주)윌텍정보통신,39390,2003/12,032604,,,01,04,2000/07/25,2004/04/09,,DU,"당기순손실이 7,057백만원, 유동자산을 초과하는 유동부채가 2,859백만원 발생하는 등의 상황은 회사의 계속기업으로서의 존속능력에 중대한 의문을 제기함",03,2003
149,(주)써미트테크놀로지,39000,2003/12,032603,,,01,04,2002/01/31,2004/04/13,,DU,"영업손실 15,042백만원 발생, 유동자산 초과하는 유동부채액이 11,175백만원 발생하는 등의 상황은 회사의 계속기업으로서의 존속능력에 중대한 의문을 제기함",03,2003
253,(주)엔플렉스,40130,2003/12,105802,,,01,04,2000/05/03,2004/04/03,,DU,"내부통제제도 및 회계기록 부실로 인하여 금액의 정확성 및 자산의 실재성, 계정과목의 적정성, 대손충당금의 적정성 및 자금거래와 관련한 적법성 여부를 확인할 수 없었음",10,2003
233,(주)동서정보기술,55000,2003/12,105802,,,01,04,2001/12/18,2004/04/03,,DS,"내부통제제도가 전반적으로 취약하며, 회사에 의한 감사범위의 제한 때문에 어음과 수표의 실사입회를 실시할 수 없었음",10,2003
136,(주)부흥,3930,2003/12,031401,,,01,04,1976/06/30,2004/06/29,,DU,"당기순손실이 34,825백만원이고, 당기말 현재 유동자산을 초과하는 유동부채는 3,985백만원 발생하는 등의 상황은 회사의 계속기업으로서의 존속능력에 중대한 의문을 제기함",03,2003
114,코리아이앤디(주),27440,2003/12,032802,,,01,04,1996/03/07,2004/04/14,,DS,회사의 회계기록의 부실로 회계감사기준에서 요구하는 감사절차를 취하지 못하였음,03,2003
133,(주)바이오시스,35960,2003/12,032701,,,01,04,1999/12/03,2004/04/07,,DU,"유동부채가 유동자산을 3,219백만원 초과, 매출채권 등에대해 가압류 설정 등의 상황은 회사의 계속기업의 존속능력에 중대한 의문을 제기함",03,2003
126,(주)리더컴,56140,2003/12,032604,,,01,04,2001/12/20,2004/03/30,,DU,"총부채가 총자산을 12,303백만원 초과하며. 회사가 피고로서 계류중인 소송금액이 12,634백만원에 이르는 등의 상황은 회사의 계속기업으로서의 존속능력에 중대한 의문을 제기함",03,2003
151,(주)씨모스,37600,2003/12,032902,,,01,04,1999/12/24,2004/03/24,,DU,"3년연속 당기순손실 발생, 감사보고서일 현재 정상적인 영업활동이 이루어지지 아니하고 있는 등의 상황은 회사의 계속기업으로서의 존속능력에 중대한 의문을 제기함",03,2003
287,(주)올에버,34970,2002/12,074604,,,01,04,1999/05/14,2003/04/15,,DU,"순손실이 51,555백만원, 총부채가 총자산을 13,941백만원 초과하는 등 중대한 불확실성이 존재함",07,2002
198,리타워테크놀러지스(주),20860,2002/12,032901,,,01,04,1991/03/25,2003/04/11,,DU,"국세확정 전 보전압류, 부천공장의 가동중단, 유동부채가 유동자산을 1,086백만원 초과하는 등의 중요한 불확실성이 존재함",03,2002
79,(주)삼애인더스,9330,2002/06,031401,2002/06,2000/08/00,01,04,1989/11/11,2002/10/22,B-,DS,감사범위의 제한으로 지분법적용을 위한 감사절차를 수행하지 못하였고 (주)지엔지에 대한 단기대여금 등의 기중거래 및 평가를 위한 적절한 감사 절차를 수행하지 못함,03,2002
146,(주)스마텔,4190,2002/06,032901,,,01,04,1977/06/22,2004/03/31,,DU,"유동부채가 유동자산을 9,108백만원을 초과하고 누적결손금이 38,105백만원에 달하며 대표이사 이용호가 주가조작 및 횡령으로 구속 기소되는 등 계속기업으로서의 존속능력에 중대한 의문이 제기됨",03,2002
100,(주)태영텔스타,60840,2002/12,032605,,,01,04,2002/02/07,2003/04/02,,DS,"회계기록의 부실로 매출, 매출원가, 매출채권, 재고자산관련 계정에 대하여 감사절차를 수행하지 못하였음.",03,2002
118,(주)갑을,9840,2002/12,031304,,,01,04,1989/08/01,2003/04/16,,DU,"총자산을 초과하는 총부채액이 196,225백만원이며 특수관계자 등으로부터 미회수된 채권 등의 불확실성으로 계속기업으로서의 존속능력에 중대한 의문이 제기됨",03,2002
104,대우전자(주),7410,2001/12,032605,,,01,04,1984/01/21,2002/04/13,,DS,해외자회사에 대한 감사가 종료되지않아 충분한 감사 절차를 취하지 못하였음,03,2001
211,인천정유(주),6290,2001/12,031902,,,01,04,1987/09/10,2002/04/23,,DU,회사정리절차를 수행 중이고 추가적인 자금지원 및 채무재조정안등에 불확실성이 존재,03,2001
106,대일화학공업(주),3110,2001/12,032102,,,01,04,1977/06/29,2002/04/19,,DS,"매입채무, 미지급금등에 대한 충분한 설명과 감사증거를 확보하지 못하였음",03,2001
284,(주)아이넥스테크놀로지,8440,2001/12,074607,,,01,04,1988/06/20,2002/04/23,,DU,총부채액이 총자산액을 초과하는 등 계속기업으로서의 존속여부가 불확실함.,07,2001
113,케이이피전자(주),8480,2001/12,032605,,,01,04,1987/07/24,2002/04/19,,DS,내부관리회계제도의 미비와 투자유가증권에 대한 자료 등 감사절차 실시에 필요한 자료를 제공받지 못하였음.,03,2001
128,(주)메디슨,18360,2001/12,032701,,,01,04,1996/01/30,2002/04/27,,DU,자산부채 및 관련 손익항목에 대한 합리적 추정을 위한 감사증거를 확보하지 못하였음,03,2001
215,한보철강공업(주),1920,2001/12,032401,,,01,04,1977/09/21,2002/04/19,,DU,회사정리계획이 진행 중이고 이로 인해 대부분의 자산이 매각되고 청산절차를 밟아야 함으로 계속기업의 존속이 의문시됨,03,2001
176,(주)이트로닉스,13090,2001/12,032605,,,01,04,1986/11/20,2002/04/27,,DU,본사는 현재 자본장식상태이고 경영개선계획이 성패에 따른 불확실성이 존재,03,2001
195,대우통신(주),5060,2000/12,032604,,,01,04,1987/05/29,2002/04/19,,DU,"누적결손금 12,129억원, 총부채가 총자산을 11,447억원 초과함. 계속기업으로서의 존손가능성에 중요한 불확실성 존재함.",03,2000
194,다산,15150,2000/12,032402,,,01,04,1997/01/07,2001/09/18,,DU,"누적결손금이 9,178백만원등 중대한 불확실성이 존재함.",03,2000
216,해태유업(주),3900,2000/06,031005,,,01,04,1979/02/15,2004/03/11,,DU,경영개선계획의 성패와 우발채무의 최종결과 그리고 채권단의 결정에 따라 좌우되는 중요한 불확실성을 배포하고 있음.,03,2000
131,(주)바로크가구,17120,2000/12,033201,,,01,04,1989/12/18,2001/07/10,,DU,"경상손실 23,819백만원 발생, 총자산을 초과한 총부채액이 132,195백만원 발생함. 회사의 계속기업으로서의 존속 능력에 중대한 의문을 제기함.",03,2000
135,(주)보성인터내셔날,33300,2000/12,031401,,,01,04,1997/11/10,2001/05/25,,DU,"경상손실 29,507백만원, 총자산을 초과한 총부채액이 38,392백만원임. 계속기업으로서의 존속능력에 중대한 의문이 제기됨.",03,2000
290,(주)태화쇼핑,15880,2000/12,074701,,,01,04,1994/11/05,2001/09/22,,DU,"경상순손실 22,543백만원 상거래 정리채권 5,996백만원 이자 4,756백만원 미상환",07,2000
237,(주)애드모바일,32600,2000/12,105802,,,01,04,1997/05/02,2003/10/30,,DS,미회수어음 및 수표와 관련된 채무에 대한 조회 미실시함.,10,2000
85,(주)레이디,25840,2000/12,033201,,,01,04,1995/10/05,2002/01/23,,DS,"은행조회서의 미회수, 부외부채 및 채권 채무 잔액 미확인, 재고자산 7,300백만원 실사 미참여, 매출채권 및 대손충당금, 기타 특별손실 등에 대한 합리적 증거자료 미제출.",03,2000
105,대우중공업(주),200,2000/12,032901,,,01,04,1966/03/18,2001/05/23,,DS,"금융자산 및 차입금, 채권, 채무잔액 미확인, 회계기록의 부실로 이익잉여금의 변동내역 및 손익계정에 대한 감사 미실시.",03,2000
102,(주)풍연,17090,2000/12,031401,,,01,04,1991/10/07,2001/05/25,,DS,"손익계산서, 결손금처리 계산서 및 현금흐름표 감사하지 못함.",03,2000
279,(주)대우,3810,2000/12,074607,,,01,04,1977/06/30,2001/05/23,,DU,"총부채가 총자산보다 14,031,384백만원 초과,누적결손금이 14,917,023백만원임. 계속기업으로서의 존속능력에 중대한 의문을 불러 일으킴.",07,2000
116,한별텔레콤(주),16550,2000/12,032605,,,01,04,1989/08/25,2002/04/19,,DS,내부통제제도에 대한 중대한 취약성과 경영자의 정직 및 성실성에 대한 의문제기 및 투자유가증권의 평가와 관련된 감사 증거를 입수하지 못함.,03,2000
